Email_ID,Thread_ID,Thread_Sequence,Channel_Type,Department,Conversation_Category,Client_Project_or_Topic,Thread_Title,Sent_Timestamp,From_Name,From_Email,Sender_Role,To_Group,CC,Subject,Email_Body,Attachment_Name,Priority
E001,T001,1,Email,Collections,Client,GreenSprout Agro Pvt Ltd,GreenSprout repayment delay and field follow-up,2026-06-03 09:25,Rohan Kulkarni,rohan.kulkarni@ucinclusive.example,Collections Manager,collections@ucinclusive.example,,GreenSprout - EMI overdue follow-up,"Team, GreenSprout's May instalment is overdue by 5 days. Please review the last call notes and confirm whether the customer has shared a revised payment date. Ananya, please check if any covenant breach is triggered by this overdue.",,High
E002,T001,2,Email,Collections,Client,GreenSprout Agro Pvt Ltd,GreenSprout repayment delay and field follow-up,2026-06-03 11:35,Client CFO,cfo@greensprout.example,Client Contact,collections@ucinclusive.example,,Re: GreenSprout - EMI overdue follow-up,We had a delay in collections from our institutional buyer. We expect inflow by 07-Jun-2026 and can clear the instalment on 08-Jun-2026. We will share buyer confirmation by tomorrow afternoon.,,High
E003,T001,3,Email,Collections,Client,GreenSprout Agro Pvt Ltd,GreenSprout repayment delay and field follow-up,2026-06-03 12:20,Ananya Rao,ananya.rao@ucinclusive.example,Credit Analyst,collections@ucinclusive.example,,Re: GreenSprout - EMI overdue follow-up,"Checked the sanction terms. A formal event notice is not triggered yet, but if payment is not received by 08-Jun, we need to flag it in weekly portfolio review. Rohan, please get written commitment from the client before EOD.",,High
E004,T001,4,Email,Collections,Client,GreenSprout Agro Pvt Ltd,GreenSprout repayment delay and field follow-up,2026-06-03 15:25,Rohan Kulkarni,rohan.kulkarni@ucinclusive.example,Collections Manager,collections@ucinclusive.example,,Re: GreenSprout - EMI overdue follow-up,"Sridhar, please add this account to the daily collections alert until payment is received. Ananya, please update the portfolio tracker with risk status as amber.",,High
E005,T001,5,Email,Collections,Client,GreenSprout Agro Pvt Ltd,GreenSprout repayment delay and field follow-up,2026-06-04 09:15,Nandita Bose,nandita.bose@ucinclusive.example,Business Head,collections@ucinclusive.example,,Re: GreenSprout - EMI overdue follow-up,Good. Keep the tone relationship-friendly but ensure documentary trail. Rohan owns the client follow-up and Ananya owns the portfolio tracker update by 04-Jun-2026.,,High
E006,T002,1,Email,Operations,Client,SolarGrid Micro Energy LLP,SolarGrid tranche disbursement documentation,2026-06-03 10:15,Nikhil Shah,nikhil.shah@ucinclusive.example,Operations Lead,credit-ops@ucinclusive.example,,SolarGrid Tranche 2 - pending CP checklist,"Before Tranche 2 disbursement, we still need the board resolution and insurance endorsement. Client team says insurance copy is in progress. Please confirm if any other CP is pending.",SolarGrid_CP_Checklist.xlsx,High
E007,T002,2,Email,Operations,Client,SolarGrid Micro Energy LLP,SolarGrid tranche disbursement documentation,2026-06-03 13:25,Client Ops,ops@solargrid.example,Client Contact,credit-ops@ucinclusive.example,,Re: SolarGrid Tranche 2 - pending CP checklist,Board resolution will be signed today. Insurance endorsement is expected from the insurer by 06-Jun-2026. Please let us know if a draft endorsement is sufficient for now.,,High
E008,T002,3,Email,Operations,Client,SolarGrid Micro Energy LLP,SolarGrid tranche disbursement documentation,2026-06-03 14:20,Vivek S,vivek.s@ucinclusive.example,Legal Counsel,credit-ops@ucinclusive.example,,Re: SolarGrid Tranche 2 - pending CP checklist,"Draft endorsement is not enough for disbursement. We need final endorsement naming UCIC as loss payee. Nikhil, please communicate this clearly to client.",,High
E009,T002,4,Email,Operations,Client,SolarGrid Micro Energy LLP,SolarGrid tranche disbursement documentation,2026-06-03 16:45,Ananya Rao,ananya.rao@ucinclusive.example,Credit Analyst,credit-ops@ucinclusive.example,,Re: SolarGrid Tranche 2 - pending CP checklist,Credit note allows disbursement only after all CPs are complete. I have marked the condition as blocker in the tracker.,,Medium
E010,T002,5,Email,Operations,Client,SolarGrid Micro Energy LLP,SolarGrid tranche disbursement documentation,2026-06-04 10:30,Nikhil Shah,nikhil.shah@ucinclusive.example,Operations Lead,credit-ops@ucinclusive.example,,Re: SolarGrid Tranche 2 - pending CP checklist,Action captured. I will update the client and keep the CP dashboard status as blocked until final insurance endorsement is received.,,High
E011,T003,1,Email,Credit Monitoring,Client,EduBridge Skills Foundation,EduBridge quarterly covenant reporting,2026-06-04 10:00,Ananya Rao,ananya.rao@ucinclusive.example,Credit Analyst,credit-ops@ucinclusive.example,,EduBridge Q4 covenant report - incomplete,EduBridge has uploaded Q4 MIS but the file is missing DSCR tab and auditor certification. Please do not mark the covenant as complete yet.,EduBridge_Q4_MIS.xlsx,High
E012,T003,2,Email,Credit Monitoring,Client,EduBridge Skills Foundation,EduBridge quarterly covenant reporting,2026-06-04 11:30,Borrower Admin,admin@edubridge.example,Client Contact,credit-ops@ucinclusive.example,,Re: EduBridge Q4 covenant report - incomplete,We shared the MIS as per last quarter format. Auditor certification will be available by 10-Jun-2026. We will check the DSCR tab internally.,,Medium
E013,T003,3,Email,Credit Monitoring,Client,EduBridge Skills Foundation,EduBridge quarterly covenant reporting,2026-06-04 12:40,Sneha Patil,sneha.patil@ucinclusive.example,Risk Analyst,credit-ops@ucinclusive.example,,Re: EduBridge Q4 covenant report - incomplete,"Please tag this as reporting delay but not covenant breach until the cure period ends. Ananya, add a reminder for 10-Jun and 12-Jun.",,High
E014,T003,4,Email,Credit Monitoring,Client,EduBridge Skills Foundation,EduBridge quarterly covenant reporting,2026-06-04 14:15,Nikhil Shah,nikhil.shah@ucinclusive.example,Operations Lead,credit-ops@ucinclusive.example,,Re: EduBridge Q4 covenant report - incomplete,"Can we automate template validation for covenant uploads? It should check required tabs, file name, period, and certification attachment.",,Medium
E015,T003,5,Email,Credit Monitoring,Client,EduBridge Skills Foundation,EduBridge quarterly covenant reporting,2026-06-04 17:35,Prasanna Alagesan,prasanna.alagesan@ucinclusive.example,Technology Head,technology-automations@ucinclusive.example,,Fwd: EduBridge Q4 covenant report - incomplete,"This is a good automation candidate. Arjun, please create a first version of covenant file validation logic using Python by 14-Jun-2026.",,Medium
E016,T004,1,Email,IT Support,Customer Support,HealthRoots Clinics Pvt Ltd,HealthRoots borrower portal upload issue,2026-06-05 09:20,Portal User,finance@healthroots.example,Client Contact,it-support@ucinclusive.example,,Unable to upload bank statement on borrower portal,The portal fails when we upload our bank statement PDF. Error message only says upload failed. The file is 18 MB and password protected.,June_Bank_Statement.pdf,High
E017,T004,2,Email,IT Support,Customer Support,HealthRoots Clinics Pvt Ltd,HealthRoots borrower portal upload issue,2026-06-05 09:55,Sridhar Manjunath,sridhar.m@ucinclusive.example,IT Admin,it-support@ucinclusive.example,,Re: Unable to upload bank statement on borrower portal,Thanks. Current limit is 10 MB and password-protected PDFs are not accepted. Please share an unlocked compressed file for now. I will ask technology team to improve the error message.,,High
E018,T004,3,Email,IT Support,Customer Support,HealthRoots Clinics Pvt Ltd,HealthRoots borrower portal upload issue,2026-06-05 10:30,Prasanna Alagesan,prasanna.alagesan@ucinclusive.example,Technology Head,it-support@ucinclusive.example,,Re: Unable to upload bank statement on borrower portal,"Sridhar, please log this as UX defect. Nikhil, please confirm if operations has faced similar upload issues with other borrowers.",,Medium
E019,T004,4,Email,IT Support,Customer Support,HealthRoots Clinics Pvt Ltd,HealthRoots borrower portal upload issue,2026-06-05 13:20,Nikhil Shah,nikhil.shah@ucinclusive.example,Operations Lead,it-support@ucinclusive.example,,Re: Unable to upload bank statement on borrower portal,"Yes, two clients faced this last month. Common issues are size limit, password protection and unsupported scanned images. This should be added to FAQ.",,Medium
E020,T004,5,Email,IT Support,Customer Support,HealthRoots Clinics Pvt Ltd,HealthRoots borrower portal upload issue,2026-06-05 16:15,Sridhar Manjunath,sridhar.m@ucinclusive.example,IT Admin,it-support@ucinclusive.example,,Re: Unable to upload bank statement on borrower portal,Logged the defect. I will update the FAQ and coordinate with vendor for clearer validation message by 09-Jun-2026.,,Medium
E021,T005,1,Email,Compliance,Non-Client Topic,DPDP Readiness Project,PII masking for DPDP readiness,2026-06-06 09:45,Kavya Menon,kavya.menon@ucinclusive.example,Compliance Officer,compliance-risk@ucinclusive.example,,DPDP readiness - PII masking scope,"We need to identify where PAN, Aadhaar reference, phone numbers, email IDs and bank details appear in reports shared outside core teams. Please share current report inventory.",,High
E022,T005,2,Email,Compliance,Non-Client Topic,DPDP Readiness Project,PII masking for DPDP readiness,2026-06-06 10:25,Arjun Pillai,arjun.pillai@ucinclusive.example,Data Analyst,data-governance@ucinclusive.example,,Re: DPDP readiness - PII masking scope,I can run a scan across Excel reports in the shared folder and classify possible PII fields. Need confirmation on whether masked customer name is still allowed in management reports.,,High
E023,T005,3,Email,Compliance,Non-Client Topic,DPDP Readiness Project,PII masking for DPDP readiness,2026-06-06 12:15,Kavya Menon,kavya.menon@ucinclusive.example,Compliance Officer,data-governance@ucinclusive.example,,Re: DPDP readiness - PII masking scope,"For management reports, customer name can remain where there is legitimate business need. For wider circulation, mask phone, email, bank details and identifiers. Arjun, please prepare PII inventory by 11-Jun-2026.",,High
E024,T005,4,Email,Compliance,Non-Client Topic,DPDP Readiness Project,PII masking for DPDP readiness,2026-06-06 14:30,Prasanna Alagesan,prasanna.alagesan@ucinclusive.example,Technology Head,technology-automations@ucinclusive.example,,Re: DPDP readiness - PII masking scope,"Let's treat this as an automation use case. Build a PII scanner first, then masking rules. Sridhar, ensure test data stays in restricted folder only.",,High
E025,T005,5,Email,Compliance,Non-Client Topic,DPDP Readiness Project,PII masking for DPDP readiness,2026-06-06 16:45,Sridhar Manjunath,sridhar.m@ucinclusive.example,IT Admin,technology-automations@ucinclusive.example,,Re: DPDP readiness - PII masking scope,"Noted. I will create restricted test folder and give access only to Tech, Compliance and Data by tomorrow.",,High
E026,T006,1,Email,Technology,Non-Client Topic,CRM Data Quality,Zoho CRM duplicate client records,2026-06-07 09:15,Nandita Bose,nandita.bose@ucinclusive.example,Business Head,technology-automations@ucinclusive.example,,CRM pipeline numbers not matching board MIS,The pipeline count from CRM is inflated because of duplicate client records. Examples include FarmLink/Farmlink Technologies and HealthRoots/Health Roots Clinics.,,High
E027,T006,2,Email,Technology,Non-Client Topic,CRM Data Quality,Zoho CRM duplicate client records,2026-06-07 10:20,Arjun Pillai,arjun.pillai@ucinclusive.example,Data Analyst,technology-automations@ucinclusive.example,,Re: CRM pipeline numbers not matching board MIS,We can run fuzzy match on company name and GST/PAN where available. I will prepare a duplicate candidate list for review.,,Medium
E028,T006,3,Email,Technology,Non-Client Topic,CRM Data Quality,Zoho CRM duplicate client records,2026-06-07 11:05,Prasanna Alagesan,prasanna.alagesan@ucinclusive.example,Technology Head,technology-automations@ucinclusive.example,,Re: CRM pipeline numbers not matching board MIS,Good. Do not auto-merge yet. Create a review sheet with confidence score and suggested primary record. Nandita can approve merges.,,Medium
E029,T006,4,Email,Technology,Non-Client Topic,CRM Data Quality,Zoho CRM duplicate client records,2026-06-07 12:35,Sridhar Manjunath,sridhar.m@ucinclusive.example,IT Admin,technology-automations@ucinclusive.example,,Re: CRM pipeline numbers not matching board MIS,CRM export is available. I will share the latest dump with Arjun and restrict edit access during dedupe testing.,,Medium
E030,T006,5,Email,Technology,Non-Client Topic,CRM Data Quality,Zoho CRM duplicate client records,2026-06-07 17:45,Nandita Bose,nandita.bose@ucinclusive.example,Business Head,technology-automations@ucinclusive.example,,Re: CRM pipeline numbers not matching board MIS,Please finish first dedupe review before the next business review on 13-Jun-2026.,,High
E031,T007,1,Email,Finance,Vendor,FinBot Solutions,Vendor invoice approval and GST details,2026-06-08 09:25,Meera Nair,meera.nair@ucinclusive.example,Finance Head,finance-accounts@ucinclusive.example,,FinBot invoice for May - missing PO reference,We received FinBot invoice for May but it does not mention PO number or GST breakup. Accounts cannot process it in current form.,FinBot_Invoice_May.pdf,High
E032,T007,2,Email,Finance,Vendor,FinBot Solutions,Vendor invoice approval and GST details,2026-06-08 10:15,Vendor Support,support@finbot.example,Vendor Support,finance-accounts@ucinclusive.example,,Re: FinBot invoice for May - missing PO reference,Apologies. We will resend corrected invoice by tomorrow. Please confirm whether PO UCIC-PO-2026-044 is the correct reference.,,Medium
E033,T007,3,Email,Finance,Vendor,FinBot Solutions,Vendor invoice approval and GST details,2026-06-08 10:45,Deepa Iyer,deepa.iyer@ucinclusive.example,Procurement Lead,finance-accounts@ucinclusive.example,,Re: FinBot invoice for May - missing PO reference,"Yes, PO UCIC-PO-2026-044 is correct. Please include milestone description and GST breakup in revised invoice.",,Medium
E034,T007,4,Email,Finance,Vendor,FinBot Solutions,Vendor invoice approval and GST details,2026-06-08 14:40,Meera Nair,meera.nair@ucinclusive.example,Finance Head,finance-accounts@ucinclusive.example,,Re: FinBot invoice for May - missing PO reference,"Deepa, please confirm service acceptance once revised invoice comes. Accounts will process payment only after PO match and acceptance note.",,Medium
E035,T007,5,Email,Finance,Vendor,FinBot Solutions,Vendor invoice approval and GST details,2026-06-09 11:15,Vendor Support,support@finbot.example,Vendor Support,finance-accounts@ucinclusive.example,,Re: FinBot invoice for May - missing PO reference,"Revised invoice attached with PO reference, GST breakup and due date of 15-Jun-2026.",FinBot_Invoice_May_Revised.pdf,Medium
E036,T008,1,Email,Technology,Automation Project,Monthly MIS Automation,n8n workflow prototype for monthly MIS,2026-06-09 09:30,Prasanna Alagesan,prasanna.alagesan@ucinclusive.example,Technology Head,technology-automations@ucinclusive.example,,n8n workflow for monthly MIS - prototype,"Let's prototype monthly MIS automation using n8n. Scope: pull CSV export, validate mandatory columns, push clean output to Google Sheet and alert Finance if validation fails.",,High
E037,T008,2,Email,Technology,Automation Project,Monthly MIS Automation,n8n workflow prototype for monthly MIS,2026-06-09 11:00,Arjun Pillai,arjun.pillai@ucinclusive.example,Data Analyst,technology-automations@ucinclusive.example,,Re: n8n workflow for monthly MIS - prototype,I can build the first workflow. Need sample CSV and list of validation rules. Should validation include missing borrower ID and negative outstanding amount?,,Medium
E038,T008,3,Email,Technology,Automation Project,Monthly MIS Automation,n8n workflow prototype for monthly MIS,2026-06-09 12:15,Meera Nair,meera.nair@ucinclusive.example,Finance Head,technology-automations@ucinclusive.example,,Re: n8n workflow for monthly MIS - prototype,"Validation should include missing borrower ID, negative outstanding, blank due date, and mismatch between principal outstanding and repayment schedule.",,High
E039,T008,4,Email,Technology,Automation Project,Monthly MIS Automation,n8n workflow prototype for monthly MIS,2026-06-09 14:15,Prasanna Alagesan,prasanna.alagesan@ucinclusive.example,Technology Head,technology-automations@ucinclusive.example,,Re: n8n workflow for monthly MIS - prototype,"Arjun, first version by 16-Jun-2026. Meera, please share last month's anonymized MIS export by tomorrow.",,High
E040,T008,5,Email,Technology,Automation Project,Monthly MIS Automation,n8n workflow prototype for monthly MIS,2026-06-10 09:45,Meera Nair,meera.nair@ucinclusive.example,Finance Head,technology-automations@ucinclusive.example,,Re: n8n workflow for monthly MIS - prototype,I will share anonymized export. Please ensure test file does not contain borrower personal identifiers.,,High
E041,T009,1,Email,Operations,Client,FarmLink Technologies,Repayment schedule mismatch in LMS,2026-06-10 11:25,Nikhil Shah,nikhil.shah@ucinclusive.example,Operations Lead,credit-ops@ucinclusive.example,,FarmLink - LMS repayment schedule mismatch,FarmLink's LMS schedule shows June instalment as 18.4 lakh but sanction letter addendum shows 16.9 lakh after moratorium adjustment. Need correction before reminder goes out.,,High
E042,T009,2,Email,Operations,Client,FarmLink Technologies,Repayment schedule mismatch in LMS,2026-06-10 12:00,Meera Nair,meera.nair@ucinclusive.example,Finance Head,credit-ops@ucinclusive.example,,Re: FarmLink - LMS repayment schedule mismatch,"Finance has recorded 16.9 lakh. If LMS reminder goes with 18.4 lakh, it will create client confusion. Please hold reminder.",,High
E043,T009,3,Email,Operations,Client,FarmLink Technologies,Repayment schedule mismatch in LMS,2026-06-10 12:25,Sridhar Manjunath,sridhar.m@ucinclusive.example,IT Admin,credit-ops@ucinclusive.example,,Re: FarmLink - LMS repayment schedule mismatch,Reminder batch paused. I need approved schedule file and addendum to update LMS.,,High
E044,T009,4,Email,Operations,Client,FarmLink Technologies,Repayment schedule mismatch in LMS,2026-06-10 13:40,Vivek S,vivek.s@ucinclusive.example,Legal Counsel,credit-ops@ucinclusive.example,,Re: FarmLink - LMS repayment schedule mismatch,"Addendum is approved and attached. Nikhil, please send final approved schedule to IT.",FarmLink_Addendum.pdf,High
E045,T009,5,Email,Operations,Client,FarmLink Technologies,Repayment schedule mismatch in LMS,2026-06-10 16:25,Nikhil Shah,nikhil.shah@ucinclusive.example,Operations Lead,credit-ops@ucinclusive.example,,Re: FarmLink - LMS repayment schedule mismatch,Final schedule attached. Sridhar to update LMS and Meera to verify after update by 11-Jun-2026.,FarmLink_Final_Schedule.xlsx,High
E046,T010,1,Email,Information Security,Security Incident,Phishing Simulation / Incident,Phishing alert and mailbox rule check,2026-06-11 09:35,Priya Thomas,priya.thomas@ucinclusive.example,HR Manager,it-support@ucinclusive.example,,Suspicious email asking for WhatsApp number,I received an email pretending to be from a senior leader asking for my WhatsApp number. I have not replied. Forwarding headers separately.,,High
E047,T010,2,Email,Information Security,Security Incident,Phishing Simulation / Incident,Phishing alert and mailbox rule check,2026-06-11 09:50,Sridhar Manjunath,sridhar.m@ucinclusive.example,IT Admin,it-support@ucinclusive.example,,Re: Suspicious email asking for WhatsApp number,"Thanks for reporting. Please do not engage. I will block sender domain, check whether similar emails reached others, and confirm mailbox rule status.",,High
E048,T010,3,Email,Information Security,Security Incident,Phishing Simulation / Incident,Phishing alert and mailbox rule check,2026-06-11 10:20,Prasanna Alagesan,prasanna.alagesan@ucinclusive.example,Technology Head,it-support@ucinclusive.example,,Re: Suspicious email asking for WhatsApp number,"Sridhar, also check if any mailbox forwarding rule was created. Kavya, please note this for incident register as low impact since no response was sent.",,High
E049,T010,4,Email,Information Security,Security Incident,Phishing Simulation / Incident,Phishing alert and mailbox rule check,2026-06-11 12:15,Kavya Menon,kavya.menon@ucinclusive.example,Compliance Officer,compliance-risk@ucinclusive.example,,Re: Suspicious email asking for WhatsApp number,Incident register updated as attempted impersonation. Need closure note from IT by 12-Jun-2026.,,Medium
E050,T010,5,Email,Information Security,Security Incident,Phishing Simulation / Incident,Phishing alert and mailbox rule check,2026-06-11 14:30,Sridhar Manjunath,sridhar.m@ucinclusive.example,IT Admin,it-support@ucinclusive.example,,Re: Suspicious email asking for WhatsApp number,No forwarding rule found. Similar email reached 3 users; domain blocked. I will send employee advisory today.,,Medium
E051,T011,1,Email,Business,Reporting,Board MIS,Board MIS commentary and portfolio trend,2026-06-12 09:15,Nandita Bose,nandita.bose@ucinclusive.example,Business Head,all-ops@ucinclusive.example,,Board MIS commentary inputs required,"Please send commentary inputs for the Board MIS by 13-Jun. Need collections trend, top 5 overdue accounts, sector exposure changes, and automation updates.",,High
E052,T011,2,Email,Business,Reporting,Board MIS,Board MIS commentary and portfolio trend,2026-06-12 11:25,Rohan Kulkarni,rohan.kulkarni@ucinclusive.example,Collections Manager,all-ops@ucinclusive.example,,Re: Board MIS commentary inputs required,"Collections trend: overdue count reduced from 14 to 11, but GreenSprout and FarmLink need mention. I will share detailed notes by tomorrow.",,Medium
E053,T011,3,Email,Business,Reporting,Board MIS,Board MIS commentary and portfolio trend,2026-06-12 12:35,Sneha Patil,sneha.patil@ucinclusive.example,Risk Analyst,all-ops@ucinclusive.example,,Re: Board MIS commentary inputs required,"Risk view: sector concentration remains stable. Clean energy exposure increased slightly after SolarGrid tranche planning, but no disbursement yet.",,Medium
E054,T011,4,Email,Business,Reporting,Board MIS,Board MIS commentary and portfolio trend,2026-06-12 15:45,Prasanna Alagesan,prasanna.alagesan@ucinclusive.example,Technology Head,all-ops@ucinclusive.example,,Re: Board MIS commentary inputs required,Technology update: MIS automation prototype and PII scanner are in progress. I will share a 5-line update by 12-Jun.,,Medium
E055,T011,5,Email,Business,Reporting,Board MIS,Board MIS commentary and portfolio trend,2026-06-12 18:00,Nandita Bose,nandita.bose@ucinclusive.example,Business Head,all-ops@ucinclusive.example,,Re: Board MIS commentary inputs required,"Please keep all commentary crisp with source numbers. Owners: Rohan for collections, Sneha for risk, Prasanna for automation by 12-Jun-2026.",,High
E056,T012,1,Email,Legal,Automation Project,Sanction Letter Automation,Sanction letter clause library automation,2026-06-13 09:25,Vivek S,vivek.s@ucinclusive.example,Legal Counsel,technology-automations@ucinclusive.example,,Sanction letter clause library - automation idea,We often copy clauses from previous sanction letters. This creates risk of outdated language. Can we create a controlled clause library with approved versions?,,Medium
E057,T012,2,Email,Legal,Automation Project,Sanction Letter Automation,Sanction letter clause library automation,2026-06-13 10:40,Prasanna Alagesan,prasanna.alagesan@ucinclusive.example,Technology Head,technology-automations@ucinclusive.example,,Re: Sanction letter clause library - automation idea,"Yes. We can start with clause categories: reporting covenants, negative covenants, CPs, events of default and information rights.",,Medium
E058,T012,3,Email,Legal,Automation Project,Sanction Letter Automation,Sanction letter clause library automation,2026-06-13 12:20,Ananya Rao,ananya.rao@ucinclusive.example,Credit Analyst,technology-automations@ucinclusive.example,,Re: Sanction letter clause library - automation idea,Credit team can tag clause applicability by product type and risk category. Need version control and legal approval flag.,,Medium
E059,T012,4,Email,Legal,Automation Project,Sanction Letter Automation,Sanction letter clause library automation,2026-06-13 15:05,Vivek S,vivek.s@ucinclusive.example,Legal Counsel,technology-automations@ucinclusive.example,,Re: Sanction letter clause library - automation idea,I will prepare 20 approved clause samples by 17-Jun-2026. Technology can then build search and selection prototype.,,Medium
E060,T012,5,Email,Legal,Automation Project,Sanction Letter Automation,Sanction letter clause library automation,2026-06-13 16:35,Prasanna Alagesan,prasanna.alagesan@ucinclusive.example,Technology Head,technology-automations@ucinclusive.example,,Re: Sanction letter clause library - automation idea,"Good. Arjun, after Vivek shares samples, create a simple searchable repository prototype. Use only anonymized clauses.",,Medium
E061,T013,1,Email,Finance,Automation Project,Bank Reconciliation,Treasury bank reconciliation automation,2026-06-14 09:30,Amit Verma,amit.verma@ucinclusive.example,Treasury Manager,finance-accounts@ucinclusive.example,,Bank reconciliation - repayment matching issue,"Manual matching is taking too long because bank narration does not always include borrower ID. We need an automation to match by amount, date window and probable borrower name.",,High
E062,T013,2,Email,Finance,Automation Project,Bank Reconciliation,Treasury bank reconciliation automation,2026-06-14 10:15,Meera Nair,meera.nair@ucinclusive.example,Finance Head,finance-accounts@ucinclusive.example,,Re: Bank reconciliation - repayment matching issue,Agree. Exception queue is important. We should not auto-post uncertain matches into LMS.,,High
E063,T013,3,Email,Finance,Automation Project,Bank Reconciliation,Treasury bank reconciliation automation,2026-06-14 11:35,Arjun Pillai,arjun.pillai@ucinclusive.example,Data Analyst,finance-accounts@ucinclusive.example,,Re: Bank reconciliation - repayment matching issue,"I can test a matching script using amount, date +/- 2 days, and fuzzy name score. Need anonymized bank statement and LMS repayment export.",,Medium
E064,T013,4,Email,Finance,Automation Project,Bank Reconciliation,Treasury bank reconciliation automation,2026-06-14 14:45,Amit Verma,amit.verma@ucinclusive.example,Treasury Manager,finance-accounts@ucinclusive.example,,Re: Bank reconciliation - repayment matching issue,"I will share anonymized statement by 14-Jun-2026. Meera, please confirm threshold for auto-match versus manual review.",,Medium
E065,T013,5,Email,Finance,Automation Project,Bank Reconciliation,Treasury bank reconciliation automation,2026-06-14 17:15,Meera Nair,meera.nair@ucinclusive.example,Finance Head,finance-accounts@ucinclusive.example,,Re: Bank reconciliation - repayment matching issue,"For now: confidence above 95% can be auto-match suggestion, but finance must approve before posting. Arjun to document matching logic.",,Medium
E066,T014,1,Email,Operations,Client,UrbanWell Foods Pvt Ltd,KYC document deficiency and client follow-up,2026-06-15 09:20,Nikhil Shah,nikhil.shah@ucinclusive.example,Operations Lead,credit-ops@ucinclusive.example,,UrbanWell KYC deficiency before credit note,KYC file is missing beneficial ownership declaration and latest address proof for one director. We cannot move to final credit note until this is closed.,,High
E067,T014,2,Email,Operations,Client,UrbanWell Foods Pvt Ltd,KYC document deficiency and client follow-up,2026-06-15 10:50,Ananya Rao,ananya.rao@ucinclusive.example,Credit Analyst,credit-ops@ucinclusive.example,,Re: UrbanWell KYC deficiency before credit note,"Credit review is scheduled for 18-Jun. If documents do not come by 15-Jun, we should push the review.",,High
E068,T014,3,Email,Operations,Client,UrbanWell Foods Pvt Ltd,KYC document deficiency and client follow-up,2026-06-15 12:30,Kavya Menon,kavya.menon@ucinclusive.example,Compliance Officer,credit-ops@ucinclusive.example,,Re: UrbanWell KYC deficiency before credit note,Please ensure the BO declaration is signed by authorized signatory and maps to shareholding table. Partial declaration should not be accepted.,,High
E069,T014,4,Email,Operations,Client,UrbanWell Foods Pvt Ltd,KYC document deficiency and client follow-up,2026-06-15 14:35,Nikhil Shah,nikhil.shah@ucinclusive.example,Operations Lead,credit-ops@ucinclusive.example,,Re: UrbanWell KYC deficiency before credit note,I will write to client today. Can technology add a deficiency checklist for KYC uploads?,,Medium
E070,T014,5,Email,Operations,Client,UrbanWell Foods Pvt Ltd,KYC document deficiency and client follow-up,2026-06-15 16:55,Prasanna Alagesan,prasanna.alagesan@ucinclusive.example,Technology Head,technology-automations@ucinclusive.example,,Fwd: UrbanWell KYC deficiency before credit note,"Add this to automation backlog. Arjun, include KYC deficiency checklist as potential document automation use case.",,Medium
E071,T015,1,Email,HR,Hiring,RPA & AI Automation Intern,Automation intern hiring assignment,2026-06-16 09:35,Priya Thomas,priya.thomas@ucinclusive.example,HR Manager,hr@ucinclusive.example,,Automation intern JD - candidate assignment,"We have received 37 CVs. For shortlisted candidates, can we send one practical task instead of asking generic interview questions?",,Medium
E072,T015,2,Email,HR,Hiring,RPA & AI Automation Intern,Automation intern hiring assignment,2026-06-16 10:15,Prasanna Alagesan,prasanna.alagesan@ucinclusive.example,Technology Head,hr@ucinclusive.example,,Re: Automation intern JD - candidate assignment,"Yes. Let's use group email summarizer and insights generator. It tests automation, AI usage, dashboarding and problem breakdown.",,Medium
E073,T015,3,Email,HR,Hiring,RPA & AI Automation Intern,Automation intern hiring assignment,2026-06-16 11:50,Priya Thomas,priya.thomas@ucinclusive.example,HR Manager,hr@ucinclusive.example,,Re: Automation intern JD - candidate assignment,Please share evaluation criteria so HR can track submissions. We need a simple scorecard.,,Medium
E074,T015,4,Email,HR,Hiring,RPA & AI Automation Intern,Automation intern hiring assignment,2026-06-16 13:30,Prasanna Alagesan,prasanna.alagesan@ucinclusive.example,Technology Head,hr@ucinclusive.example,,Re: Automation intern JD - candidate assignment,"Score across: problem understanding, working demo, automation design, AI usage, dashboard usefulness, documentation and limitations. I will send rubric by 15-Jun-2026.",,Medium
E075,T015,5,Email,HR,Hiring,RPA & AI Automation Intern,Automation intern hiring assignment,2026-06-16 16:25,Priya Thomas,priya.thomas@ucinclusive.example,HR Manager,hr@ucinclusive.example,,Re: Automation intern JD - candidate assignment,Noted. I will shortlist CVs into A/B/C buckets and send top profiles by 14-Jun.,,Medium
E076,T016,1,Email,Data Governance,Access Request,Collections Dashboard,Data lake access request for collections dashboard,2026-06-17 09:30,Rohan Kulkarni,rohan.kulkarni@ucinclusive.example,Collections Manager,data-governance@ucinclusive.example,,Access request - collections dashboard data,"Collections team needs access to repayment status, overdue days and client contact fields for the new dashboard. Please enable for two team members.",,High
E077,T016,2,Email,Data Governance,Access Request,Collections Dashboard,Data lake access request for collections dashboard,2026-06-17 10:45,Arjun Pillai,arjun.pillai@ucinclusive.example,Data Analyst,data-governance@ucinclusive.example,,Re: Access request - collections dashboard data,"Need business purpose, exact fields and approval from department head. Contact fields may require masking unless operational need is documented.",,High
E078,T016,3,Email,Data Governance,Access Request,Collections Dashboard,Data lake access request for collections dashboard,2026-06-17 11:25,Kavya Menon,kavya.menon@ucinclusive.example,Compliance Officer,data-governance@ucinclusive.example,,Re: Access request - collections dashboard data,Please avoid broad access. Phone and email should be masked in dashboards unless collection call workflow requires it.,,High
E079,T016,4,Email,Data Governance,Access Request,Collections Dashboard,Data lake access request for collections dashboard,2026-06-17 12:55,Rohan Kulkarni,rohan.kulkarni@ucinclusive.example,Collections Manager,data-governance@ucinclusive.example,,Re: Access request - collections dashboard data,"Business purpose: daily overdue follow-up. Need borrower name, RM name, DPD, promised payment date and masked phone except for assigned collector.",,Medium
E080,T016,5,Email,Data Governance,Access Request,Collections Dashboard,Data lake access request for collections dashboard,2026-06-17 16:15,Prasanna Alagesan,prasanna.alagesan@ucinclusive.example,Technology Head,data-governance@ucinclusive.example,,Re: Access request - collections dashboard data,Approved with field-level restriction. Arjun to configure view and Sridhar to ensure access expires in 90 days unless renewed.,,High
E081,T017,1,Email,Risk,Automation Project,Early Warning System,Portfolio monitoring early-warning triggers,2026-06-18 09:15,Sneha Patil,sneha.patil@ucinclusive.example,Risk Analyst,compliance-risk@ucinclusive.example,,Early warning triggers for portfolio monitoring,"Can we build automated triggers for overdue ageing, covenant delay, rating movement and repeated restructuring requests?",,High
E082,T017,2,Email,Risk,Automation Project,Early Warning System,Portfolio monitoring early-warning triggers,2026-06-18 10:25,Ananya Rao,ananya.rao@ucinclusive.example,Credit Analyst,compliance-risk@ucinclusive.example,,Re: Early warning triggers for portfolio monitoring,"Credit team tracks covenant delay manually. If the automation can pull due date, actual submission date and cure period, that will help weekly review.",,High
E083,T017,3,Email,Risk,Automation Project,Early Warning System,Portfolio monitoring early-warning triggers,2026-06-18 12:40,Arjun Pillai,arjun.pillai@ucinclusive.example,Data Analyst,compliance-risk@ucinclusive.example,,Re: Early warning triggers for portfolio monitoring,"Data sources: LMS for overdue, covenant tracker for due dates, CRM for client status. Need definition of amber and red thresholds.",,Medium
E084,T017,4,Email,Risk,Automation Project,Early Warning System,Portfolio monitoring early-warning triggers,2026-06-18 14:15,Sneha Patil,sneha.patil@ucinclusive.example,Risk Analyst,compliance-risk@ucinclusive.example,,Re: Early warning triggers for portfolio monitoring,"Initial thresholds: DPD 1-7 amber, above 7 red; covenant overdue within cure period amber, beyond cure red. Repeated waiver requests above 2 in quarter amber.",,High
E085,T017,5,Email,Risk,Automation Project,Early Warning System,Portfolio monitoring early-warning triggers,2026-06-18 17:30,Prasanna Alagesan,prasanna.alagesan@ucinclusive.example,Technology Head,technology-automations@ucinclusive.example,,Fwd: Early warning triggers for portfolio monitoring,"Good use case. Arjun, create a one-page automation design and data requirement note by 20-Jun-2026.",,Medium
E086,T018,1,Email,Credit,System Issue,Credit Bureau Integration,CIBIL API mismatch and manual override,2026-06-19 09:45,Ananya Rao,ananya.rao@ucinclusive.example,Credit Analyst,credit-ops@ucinclusive.example,,CIBIL API mismatch for borrower director,"CIBIL API returned no-hit for one director, but manual bureau pull shows active record. We should not proceed until mismatch is resolved.",,High
E087,T018,2,Email,Credit,System Issue,Credit Bureau Integration,CIBIL API mismatch and manual override,2026-06-19 10:20,Sridhar Manjunath,sridhar.m@ucinclusive.example,IT Admin,credit-ops@ucinclusive.example,,Re: CIBIL API mismatch for borrower director,Please share API request ID and timestamp. I will check logs and raise with vendor if payload looks correct.,,High
E088,T018,3,Email,Credit,System Issue,Credit Bureau Integration,CIBIL API mismatch and manual override,2026-06-19 10:55,Ananya Rao,ananya.rao@ucinclusive.example,Credit Analyst,credit-ops@ucinclusive.example,,Re: CIBIL API mismatch for borrower director,Request ID CIB-TEST-9041 at 09:14. I have saved manual bureau report in restricted folder.,,High
E089,T018,4,Email,Credit,System Issue,Credit Bureau Integration,CIBIL API mismatch and manual override,2026-06-19 11:15,Kavya Menon,kavya.menon@ucinclusive.example,Compliance Officer,credit-ops@ucinclusive.example,,Re: CIBIL API mismatch for borrower director,Ensure manual report is not circulated over email. Only summary and exception note should be shared.,,High
E090,T018,5,Email,Credit,System Issue,Credit Bureau Integration,CIBIL API mismatch and manual override,2026-06-19 16:00,Sridhar Manjunath,sridhar.m@ucinclusive.example,IT Admin,credit-ops@ucinclusive.example,,Re: CIBIL API mismatch for borrower director,Vendor confirmed mapping issue for middle-name field. Temporary workaround documented. Ananya to attach exception note before credit committee.,,High
E091,T019,1,Email,Business,Automation Project,Field Visit Notes,Field visit notes digitization,2026-06-20 09:45,Nandita Bose,nandita.bose@ucinclusive.example,Business Head,all-ops@ucinclusive.example,,Field visit notes - digitization idea,"During visits, team captures useful details but they stay in WhatsApp notes or notebooks. Can we standardize this and pull insights into client view?",,Medium
E092,T019,2,Email,Business,Automation Project,Field Visit Notes,Field visit notes digitization,2026-06-20 10:30,Rohan Kulkarni,rohan.kulkarni@ucinclusive.example,Collections Manager,all-ops@ucinclusive.example,,Re: Field visit notes - digitization idea,"Collections visits need fields like person met, promise to pay, stock observation, buyer status and next follow-up date.",,Medium
E093,T019,3,Email,Business,Automation Project,Field Visit Notes,Field visit notes digitization,2026-06-20 11:25,Ananya Rao,ananya.rao@ucinclusive.example,Credit Analyst,all-ops@ucinclusive.example,,Re: Field visit notes - digitization idea,"Credit visits need promoter discussion, plant capacity, working capital stress, documents seen and deviations from credit note assumptions.",,Medium
E094,T019,4,Email,Business,Automation Project,Field Visit Notes,Field visit notes digitization,2026-06-20 14:15,Prasanna Alagesan,prasanna.alagesan@ucinclusive.example,Technology Head,technology-automations@ucinclusive.example,,Fwd: Field visit notes - digitization idea,"This can be a form + AI summary use case. Arjun, draft a field visit capture template and sample AI summary format.",,Medium
E095,T019,5,Email,Business,Automation Project,Field Visit Notes,Field visit notes digitization,2026-06-20 17:15,Nandita Bose,nandita.bose@ucinclusive.example,Business Head,all-ops@ucinclusive.example,,Re: Field visit notes - digitization idea,Let's pilot with 3 visits next month. Template should be ready by 24-Jun-2026.,,Medium
E096,T020,1,Email,Technology,Vendor,KYC API Vendor,API vendor downtime SLA escalation,2026-06-21 11:15,Sridhar Manjunath,sridhar.m@ucinclusive.example,IT Admin,technology-automations@ucinclusive.example,,KYC API intermittent downtime today,KYC API failed intermittently between 10:05 and 10:42. Operations had to retry manually. Need to confirm if SLA breach applies.,,High
E097,T020,2,Email,Technology,Vendor,KYC API Vendor,API vendor downtime SLA escalation,2026-06-21 11:35,Nikhil Shah,nikhil.shah@ucinclusive.example,Operations Lead,technology-automations@ucinclusive.example,,Re: KYC API intermittent downtime today,This impacted 6 onboarding files. Team has parked them for retry. Please share ETA and workaround.,,High
E098,T020,3,Email,Technology,Vendor,KYC API Vendor,API vendor downtime SLA escalation,2026-06-21 12:20,Vendor Support,support@finbot.example,Vendor Support,technology-automations@ucinclusive.example,,Re: KYC API intermittent downtime today,We observed elevated error rates in one cluster. Service restored at 10:45. RCA will be shared by 21-Jun-2026.,,High
E099,T020,4,Email,Technology,Vendor,KYC API Vendor,API vendor downtime SLA escalation,2026-06-21 13:15,Prasanna Alagesan,prasanna.alagesan@ucinclusive.example,Technology Head,technology-automations@ucinclusive.example,,Re: KYC API intermittent downtime today,"Sridhar, please capture logs and check SLA clause. Nikhil, mark impacted files and confirm all were processed after retry.",,High
E100,T020,5,Email,Technology,Vendor,KYC API Vendor,API vendor downtime SLA escalation,2026-06-21 16:45,Sridhar Manjunath,sridhar.m@ucinclusive.example,IT Admin,technology-automations@ucinclusive.example,,Re: KYC API intermittent downtime today,Logs captured. I will send SLA note after vendor RCA. We should add uptime monitoring for this API.,,Medium